Campaign,Ad Group,Keyword,Criterion Type,Max CPC,Status
NH • Search • Parler en public • Paris,AG1 • Peur & trac,hypnose peur de parler en public,Exact,1.60,Enabled
NH • Search • Parler en public • Paris,AG1 • Peur & trac,hypnose peur de parler en public,Phrase,1.50,Enabled
NH • Search • Parler en public • Paris,AG1 • Peur & trac,hypnose peur de parler en public paris,Exact,1.60,Enabled
NH • Search • Parler en public • Paris,AG1 • Peur & trac,hypnose peur de parler en public paris,Phrase,1.50,Enabled
NH • Search • Parler en public • Paris,AG1 • Peur & trac,hypnose parler en public paris,Exact,1.60,Enabled
NH • Search • Parler en public • Paris,AG1 • Peur & trac,hypnose parler en public paris,Phrase,1.50,Enabled
NH • Search • Parler en public • Paris,AG1 • Peur & trac,hypnose glossophobie,Exact,1.30,Enabled
NH • Search • Parler en public • Paris,AG1 • Peur & trac,hypnose glossophobie,Phrase,1.20,Enabled
NH • Search • Parler en public • Paris,AG1 • Peur & trac,vaincre la peur de parler en public,Exact,1.40,Enabled
NH • Search • Parler en public • Paris,AG1 • Peur & trac,vaincre la peur de parler en public,Phrase,1.30,Enabled
NH • Search • Parler en public • Paris,AG1 • Peur & trac,hypnose peur de s'exprimer,Exact,1.30,Enabled
NH • Search • Parler en public • Paris,AG1 • Peur & trac,hypnose peur de s'exprimer,Phrase,1.20,Enabled
NH • Search • Parler en public • Paris,AG1 • Peur & trac,hypnose trac paris,Exact,1.50,Enabled
NH • Search • Parler en public • Paris,AG1 • Peur & trac,hypnose trac paris,Phrase,1.40,Enabled
NH • Search • Parler en public • Paris,AG1 • Peur & trac,hypnose trac prise de parole,Exact,1.50,Enabled
NH • Search • Parler en public • Paris,AG1 • Peur & trac,hypnose trac prise de parole,Phrase,1.40,Enabled
NH • Search • Parler en public • Paris,AG1 • Peur & trac,hypnose voix qui tremble,Exact,1.30,Enabled
NH • Search • Parler en public • Paris,AG1 • Peur & trac,hypnose voix qui tremble,Phrase,1.20,Enabled
NH • Search • Parler en public • Paris,AG1 • Peur & trac,hypnose peur de prendre la parole,Exact,1.40,Enabled
NH • Search • Parler en public • Paris,AG1 • Peur & trac,hypnose peur de prendre la parole,Phrase,1.30,Enabled
NH • Search • Parler en public • Paris,AG2 • Prise de parole pro,hypnose trac conférence,Exact,1.30,Enabled
NH • Search • Parler en public • Paris,AG2 • Prise de parole pro,hypnose trac conférence,Phrase,1.20,Enabled
NH • Search • Parler en public • Paris,AG2 • Prise de parole pro,hypnose prise de parole paris,Exact,1.50,Enabled
NH • Search • Parler en public • Paris,AG2 • Prise de parole pro,hypnose prise de parole paris,Phrase,1.40,Enabled
NH • Search • Parler en public • Paris,AG2 • Prise de parole pro,hypnose prise de parole en réunion,Exact,1.40,Enabled
NH • Search • Parler en public • Paris,AG2 • Prise de parole pro,hypnose prise de parole en réunion,Phrase,1.30,Enabled
NH • Search • Parler en public • Paris,AG2 • Prise de parole pro,hypnose peur de parler en réunion,Exact,1.40,Enabled
NH • Search • Parler en public • Paris,AG2 • Prise de parole pro,hypnose peur de parler en réunion,Phrase,1.30,Enabled
NH • Search • Parler en public • Paris,AG2 • Prise de parole pro,hypnose peur des réunions,Exact,1.30,Enabled
NH • Search • Parler en public • Paris,AG2 • Prise de parole pro,hypnose peur des réunions,Phrase,1.20,Enabled
NH • Search • Parler en public • Paris,AG2 • Prise de parole pro,hypnose prise de parole en visio,Exact,1.30,Enabled
NH • Search • Parler en public • Paris,AG2 • Prise de parole pro,hypnose prise de parole en visio,Phrase,1.20,Enabled
NH • Search • Parler en public • Paris,AG2 • Prise de parole pro,hypnose pitch,Exact,1.20,Enabled
NH • Search • Parler en public • Paris,AG2 • Prise de parole pro,hypnose pitch,Phrase,1.10,Enabled
