Campaign,Keyword,Criterion Type
NH • Search • Parler en public • Paris,gratuit,Campaign Negative Broad
NH • Search • Parler en public • Paris,gratuite,Campaign Negative Broad
NH • Search • Parler en public • Paris,gratuits,Campaign Negative Broad
NH • Search • Parler en public • Paris,gratuites,Campaign Negative Broad
NH • Search • Parler en public • Paris,gratuitement,Campaign Negative Broad
NH • Search • Parler en public • Paris,pdf,Campaign Negative Broad
NH • Search • Parler en public • Paris,mp3,Campaign Negative Broad
NH • Search • Parler en public • Paris,audio,Campaign Negative Broad
NH • Search • Parler en public • Paris,podcast,Campaign Negative Broad
NH • Search • Parler en public • Paris,youtube,Campaign Negative Broad
NH • Search • Parler en public • Paris,video,Campaign Negative Broad
NH • Search • Parler en public • Paris,vidéo,Campaign Negative Broad
NH • Search • Parler en public • Paris,videos,Campaign Negative Broad
NH • Search • Parler en public • Paris,vidéos,Campaign Negative Broad
NH • Search • Parler en public • Paris,écouter,Campaign Negative Broad
NH • Search • Parler en public • Paris,ecouter,Campaign Negative Broad
NH • Search • Parler en public • Paris,télécharger,Campaign Negative Broad
NH • Search • Parler en public • Paris,telecharger,Campaign Negative Broad
NH • Search • Parler en public • Paris,téléchargement,Campaign Negative Broad
NH • Search • Parler en public • Paris,streaming,Campaign Negative Broad
NH • Search • Parler en public • Paris,spotify,Campaign Negative Broad
NH • Search • Parler en public • Paris,deezer,Campaign Negative Broad
NH • Search • Parler en public • Paris,livre,Campaign Negative Broad
NH • Search • Parler en public • Paris,livres,Campaign Negative Broad
NH • Search • Parler en public • Paris,ebook,Campaign Negative Broad
NH • Search • Parler en public • Paris,wikipedia,Campaign Negative Broad
NH • Search • Parler en public • Paris,définition,Campaign Negative Broad
NH • Search • Parler en public • Paris,definition,Campaign Negative Broad
NH • Search • Parler en public • Paris,signification,Campaign Negative Broad
NH • Search • Parler en public • Paris,c'est quoi,Campaign Negative Phrase
NH • Search • Parler en public • Paris,qu'est ce que,Campaign Negative Phrase
NH • Search • Parler en public • Paris,comment faire,Campaign Negative Phrase
NH • Search • Parler en public • Paris,soi meme,Campaign Negative Phrase
NH • Search • Parler en public • Paris,soi même,Campaign Negative Phrase
NH • Search • Parler en public • Paris,tout seul,Campaign Negative Phrase
NH • Search • Parler en public • Paris,exercice,Campaign Negative Broad
NH • Search • Parler en public • Paris,exercices,Campaign Negative Broad
NH • Search • Parler en public • Paris,tuto,Campaign Negative Broad
NH • Search • Parler en public • Paris,tutoriel,Campaign Negative Broad
NH • Search • Parler en public • Paris,application,Campaign Negative Broad
NH • Search • Parler en public • Paris,appli,Campaign Negative Broad
NH • Search • Parler en public • Paris,auto hypnose,Campaign Negative Phrase
NH • Search • Parler en public • Paris,autohypnose,Campaign Negative Broad
NH • Search • Parler en public • Paris,auto-hypnose,Campaign Negative Phrase
NH • Search • Parler en public • Paris,formation,Campaign Negative Broad
NH • Search • Parler en public • Paris,formations,Campaign Negative Broad
NH • Search • Parler en public • Paris,se former,Campaign Negative Phrase
NH • Search • Parler en public • Paris,devenir,Campaign Negative Broad
NH • Search • Parler en public • Paris,école,Campaign Negative Broad
NH • Search • Parler en public • Paris,ecole,Campaign Negative Broad
NH • Search • Parler en public • Paris,cours,Campaign Negative Broad
NH • Search • Parler en public • Paris,diplôme,Campaign Negative Broad
NH • Search • Parler en public • Paris,diplome,Campaign Negative Broad
NH • Search • Parler en public • Paris,certification,Campaign Negative Broad
NH • Search • Parler en public • Paris,certifiante,Campaign Negative Broad
NH • Search • Parler en public • Paris,cursus,Campaign Negative Broad
NH • Search • Parler en public • Paris,apprendre,Campaign Negative Broad
NH • Search • Parler en public • Paris,masterclass,Campaign Negative Broad
NH • Search • Parler en public • Paris,webinaire,Campaign Negative Broad
NH • Search • Parler en public • Paris,stage,Campaign Negative Broad
NH • Search • Parler en public • Paris,emploi,Campaign Negative Broad
NH • Search • Parler en public • Paris,recrutement,Campaign Negative Broad
NH • Search • Parler en public • Paris,salaire,Campaign Negative Broad
NH • Search • Parler en public • Paris,métier,Campaign Negative Broad
NH • Search • Parler en public • Paris,metier,Campaign Negative Broad
NH • Search • Parler en public • Paris,cpf,Campaign Negative Broad
NH • Search • Parler en public • Paris,udemy,Campaign Negative Broad
NH • Search • Parler en public • Paris,mémoire de fin,Campaign Negative Phrase
NH • Search • Parler en public • Paris,lyon,Campaign Negative Broad
NH • Search • Parler en public • Paris,marseille,Campaign Negative Broad
NH • Search • Parler en public • Paris,bordeaux,Campaign Negative Broad
NH • Search • Parler en public • Paris,toulouse,Campaign Negative Broad
NH • Search • Parler en public • Paris,lille,Campaign Negative Broad
NH • Search • Parler en public • Paris,nantes,Campaign Negative Broad
NH • Search • Parler en public • Paris,nice,Campaign Negative Broad
NH • Search • Parler en public • Paris,montpellier,Campaign Negative Broad
NH • Search • Parler en public • Paris,strasbourg,Campaign Negative Broad
NH • Search • Parler en public • Paris,rennes,Campaign Negative Broad
NH • Search • Parler en public • Paris,reims,Campaign Negative Broad
NH • Search • Parler en public • Paris,toulon,Campaign Negative Broad
NH • Search • Parler en public • Paris,grenoble,Campaign Negative Broad
NH • Search • Parler en public • Paris,dijon,Campaign Negative Broad
NH • Search • Parler en public • Paris,angers,Campaign Negative Broad
NH • Search • Parler en public • Paris,brest,Campaign Negative Broad
NH • Search • Parler en public • Paris,tours,Campaign Negative Broad
NH • Search • Parler en public • Paris,rouen,Campaign Negative Broad
NH • Search • Parler en public • Paris,caen,Campaign Negative Broad
NH • Search • Parler en public • Paris,nancy,Campaign Negative Broad
NH • Search • Parler en public • Paris,metz,Campaign Negative Broad
NH • Search • Parler en public • Paris,avignon,Campaign Negative Broad
NH • Search • Parler en public • Paris,annecy,Campaign Negative Broad
NH • Search • Parler en public • Paris,orléans,Campaign Negative Broad
NH • Search • Parler en public • Paris,limoges,Campaign Negative Broad
NH • Search • Parler en public • Paris,perpignan,Campaign Negative Broad
NH • Search • Parler en public • Paris,clermont-ferrand,Campaign Negative Broad
NH • Search • Parler en public • Paris,saint-étienne,Campaign Negative Broad
NH • Search • Parler en public • Paris,le havre,Campaign Negative Phrase
NH • Search • Parler en public • Paris,la rochelle,Campaign Negative Phrase
NH • Search • Parler en public • Paris,corse,Campaign Negative Broad
NH • Search • Parler en public • Paris,bretagne,Campaign Negative Broad
NH • Search • Parler en public • Paris,normandie,Campaign Negative Broad
NH • Search • Parler en public • Paris,provence,Campaign Negative Broad
NH • Search • Parler en public • Paris,belgique,Campaign Negative Broad
NH • Search • Parler en public • Paris,bruxelles,Campaign Negative Broad
NH • Search • Parler en public • Paris,liège,Campaign Negative Broad
NH • Search • Parler en public • Paris,suisse,Campaign Negative Broad
NH • Search • Parler en public • Paris,genève,Campaign Negative Broad
NH • Search • Parler en public • Paris,geneve,Campaign Negative Broad
NH • Search • Parler en public • Paris,lausanne,Campaign Negative Broad
NH • Search • Parler en public • Paris,québec,Campaign Negative Broad
NH • Search • Parler en public • Paris,quebec,Campaign Negative Broad
NH • Search • Parler en public • Paris,montréal,Campaign Negative Broad
NH • Search • Parler en public • Paris,canada,Campaign Negative Broad
NH • Search • Parler en public • Paris,maroc,Campaign Negative Broad
NH • Search • Parler en public • Paris,casablanca,Campaign Negative Broad
NH • Search • Parler en public • Paris,marrakech,Campaign Negative Broad
NH • Search • Parler en public • Paris,tunisie,Campaign Negative Broad
NH • Search • Parler en public • Paris,tunis,Campaign Negative Broad
NH • Search • Parler en public • Paris,algérie,Campaign Negative Broad
NH • Search • Parler en public • Paris,alger,Campaign Negative Broad
NH • Search • Parler en public • Paris,luxembourg,Campaign Negative Broad
NH • Search • Parler en public • Paris,dakar,Campaign Negative Broad
NH • Search • Parler en public • Paris,abidjan,Campaign Negative Broad
NH • Search • Parler en public • Paris,île de la réunion,Campaign Negative Phrase
NH • Search • Parler en public • Paris,martinique,Campaign Negative Broad
NH • Search • Parler en public • Paris,guadeloupe,Campaign Negative Broad
NH • Search • Parler en public • Paris,melun,Campaign Negative Broad
NH • Search • Parler en public • Paris,meaux,Campaign Negative Broad
NH • Search • Parler en public • Paris,fontainebleau,Campaign Negative Broad
NH • Search • Parler en public • Paris,cergy,Campaign Negative Broad
NH • Search • Parler en public • Paris,évry,Campaign Negative Broad
NH • Search • Parler en public • Paris,provins,Campaign Negative Broad
NH • Search • Parler en public • Paris,psychologue,Campaign Negative Broad
NH • Search • Parler en public • Paris,psychologues,Campaign Negative Broad
NH • Search • Parler en public • Paris,psychiatre,Campaign Negative Broad
NH • Search • Parler en public • Paris,psychanalyste,Campaign Negative Broad
NH • Search • Parler en public • Paris,psychanalyse,Campaign Negative Broad
NH • Search • Parler en public • Paris,sophrologue,Campaign Negative Broad
NH • Search • Parler en public • Paris,sophrologie,Campaign Negative Broad
NH • Search • Parler en public • Paris,sophro,Campaign Negative Broad
NH • Search • Parler en public • Paris,naturopathe,Campaign Negative Broad
NH • Search • Parler en public • Paris,naturopathie,Campaign Negative Broad
NH • Search • Parler en public • Paris,acupuncture,Campaign Negative Broad
NH • Search • Parler en public • Paris,acupuncteur,Campaign Negative Broad
NH • Search • Parler en public • Paris,ostéopathe,Campaign Negative Broad
NH • Search • Parler en public • Paris,kinésiologue,Campaign Negative Broad
NH • Search • Parler en public • Paris,magnétiseur,Campaign Negative Broad
NH • Search • Parler en public • Paris,énergéticien,Campaign Negative Broad
NH • Search • Parler en public • Paris,reiki,Campaign Negative Broad
NH • Search • Parler en public • Paris,réflexologie,Campaign Negative Broad
NH • Search • Parler en public • Paris,chiropracteur,Campaign Negative Broad
NH • Search • Parler en public • Paris,coach,Campaign Negative Broad
NH • Search • Parler en public • Paris,coaching,Campaign Negative Broad
NH • Search • Parler en public • Paris,pnl,Campaign Negative Broad
NH • Search • Parler en public • Paris,emdr,Campaign Negative Broad
NH • Search • Parler en public • Paris,méditation,Campaign Negative Broad
NH • Search • Parler en public • Paris,yoga,Campaign Negative Broad
NH • Search • Parler en public • Paris,pleine conscience,Campaign Negative Phrase
NH • Search • Parler en public • Paris,homéopathie,Campaign Negative Broad
NH • Search • Parler en public • Paris,phytothérapie,Campaign Negative Broad
NH • Search • Parler en public • Paris,fleurs de bach,Campaign Negative Phrase
NH • Search • Parler en public • Paris,cbd,Campaign Negative Broad
NH • Search • Parler en public • Paris,plante,Campaign Negative Broad
NH • Search • Parler en public • Paris,tisane,Campaign Negative Broad
NH • Search • Parler en public • Paris,complément alimentaire,Campaign Negative Phrase
NH • Search • Parler en public • Paris,magnésium,Campaign Negative Broad
NH • Search • Parler en public • Paris,enfant,Campaign Negative Broad
NH • Search • Parler en public • Paris,enfants,Campaign Negative Broad
NH • Search • Parler en public • Paris,ado,Campaign Negative Broad
NH • Search • Parler en public • Paris,ados,Campaign Negative Broad
NH • Search • Parler en public • Paris,adolescent,Campaign Negative Broad
NH • Search • Parler en public • Paris,adolescente,Campaign Negative Broad
NH • Search • Parler en public • Paris,mineur,Campaign Negative Broad
NH • Search • Parler en public • Paris,bébé,Campaign Negative Broad
NH • Search • Parler en public • Paris,collégien,Campaign Negative Broad
NH • Search • Parler en public • Paris,lycéen,Campaign Negative Broad
NH • Search • Parler en public • Paris,chien,Campaign Negative Broad
NH • Search • Parler en public • Paris,chat,Campaign Negative Broad
NH • Search • Parler en public • Paris,animal,Campaign Negative Broad
NH • Search • Parler en public • Paris,animaux,Campaign Negative Broad
NH • Search • Parler en public • Paris,cheval,Campaign Negative Broad
NH • Search • Parler en public • Paris,vétérinaire,Campaign Negative Broad
NH • Search • Parler en public • Paris,spectacle,Campaign Negative Broad
NH • Search • Parler en public • Paris,show,Campaign Negative Broad
NH • Search • Parler en public • Paris,humour,Campaign Negative Broad
NH • Search • Parler en public • Paris,messmer,Campaign Negative Broad
NH • Search • Parler en public • Paris,hypnose de rue,Campaign Negative Phrase
NH • Search • Parler en public • Paris,hypnotiseur de spectacle,Campaign Negative Phrase
NH • Search • Parler en public • Paris,hypnotiser quelqu'un,Campaign Negative Phrase
NH • Search • Parler en public • Paris,comment hypnotiser,Campaign Negative Phrase
NH • Search • Parler en public • Paris,pendule,Campaign Negative Broad
NH • Search • Parler en public • Paris,régression,Campaign Negative Broad
NH • Search • Parler en public • Paris,régressive,Campaign Negative Broad
NH • Search • Parler en public • Paris,vies antérieures,Campaign Negative Phrase
NH • Search • Parler en public • Paris,vie antérieure,Campaign Negative Phrase
NH • Search • Parler en public • Paris,karmique,Campaign Negative Broad
NH • Search • Parler en public • Paris,spirituelle,Campaign Negative Broad
NH • Search • Parler en public • Paris,spirituel,Campaign Negative Broad
NH • Search • Parler en public • Paris,quantique,Campaign Negative Broad
NH • Search • Parler en public • Paris,chamanique,Campaign Negative Broad
NH • Search • Parler en public • Paris,chaman,Campaign Negative Broad
NH • Search • Parler en public • Paris,médium,Campaign Negative Broad
NH • Search • Parler en public • Paris,voyance,Campaign Negative Broad
NH • Search • Parler en public • Paris,astrologie,Campaign Negative Broad
NH • Search • Parler en public • Paris,tarot,Campaign Negative Broad
NH • Search • Parler en public • Paris,mémoire cellulaire,Campaign Negative Phrase
NH • Search • Parler en public • Paris,ésotérique,Campaign Negative Broad
NH • Search • Parler en public • Paris,asmr,Campaign Negative Broad
NH • Search • Parler en public • Paris,érotique,Campaign Negative Broad
NH • Search • Parler en public • Paris,sexuelle,Campaign Negative Broad
NH • Search • Parler en public • Paris,manipulation,Campaign Negative Broad
NH • Search • Parler en public • Paris,contrôle mental,Campaign Negative Phrase
NH • Search • Parler en public • Paris,remboursement,Campaign Negative Broad
NH • Search • Parler en public • Paris,remboursé,Campaign Negative Broad
NH • Search • Parler en public • Paris,mutuelle,Campaign Negative Broad
NH • Search • Parler en public • Paris,sécurité sociale,Campaign Negative Phrase
NH • Search • Parler en public • Paris,cpam,Campaign Negative Broad
NH • Search • Parler en public • Paris,ameli,Campaign Negative Broad
NH • Search • Parler en public • Paris,prise en charge,Campaign Negative Phrase
NH • Search • Parler en public • Paris,conventionné,Campaign Negative Broad
NH • Search • Parler en public • Paris,pas cher,Campaign Negative Phrase
NH • Search • Parler en public • Paris,moins cher,Campaign Negative Phrase
NH • Search • Parler en public • Paris,promo,Campaign Negative Broad
NH • Search • Parler en public • Paris,code promo,Campaign Negative Phrase
NH • Search • Parler en public • Paris,réduction,Campaign Negative Broad
NH • Search • Parler en public • Paris,arnaque,Campaign Negative Broad
NH • Search • Parler en public • Paris,danger,Campaign Negative Broad
NH • Search • Parler en public • Paris,dangereux,Campaign Negative Broad
NH • Search • Parler en public • Paris,secte,Campaign Negative Broad
NH • Search • Parler en public • Paris,dérive,Campaign Negative Broad
NH • Search • Parler en public • Paris,charlatan,Campaign Negative Broad
NH • Search • Parler en public • Paris,plainte,Campaign Negative Broad
NH • Search • Parler en public • Paris,ça marche vraiment,Campaign Negative Phrase
NH • Search • Parler en public • Paris,urgence,Campaign Negative Broad
NH • Search • Parler en public • Paris,urgences,Campaign Negative Broad
NH • Search • Parler en public • Paris,hôpital,Campaign Negative Broad
NH • Search • Parler en public • Paris,hospitalisation,Campaign Negative Broad
NH • Search • Parler en public • Paris,psychiatrie,Campaign Negative Broad
NH • Search • Parler en public • Paris,suicide,Campaign Negative Broad
NH • Search • Parler en public • Paris,suicidaire,Campaign Negative Broad
NH • Search • Parler en public • Paris,3114,Campaign Negative Broad
NH • Search • Parler en public • Paris,médicament,Campaign Negative Broad
NH • Search • Parler en public • Paris,médicaments,Campaign Negative Broad
NH • Search • Parler en public • Paris,anxiolytique,Campaign Negative Broad
NH • Search • Parler en public • Paris,anxiolytiques,Campaign Negative Broad
NH • Search • Parler en public • Paris,antidépresseur,Campaign Negative Broad
NH • Search • Parler en public • Paris,xanax,Campaign Negative Broad
NH • Search • Parler en public • Paris,lexomil,Campaign Negative Broad
NH • Search • Parler en public • Paris,atarax,Campaign Negative Broad
NH • Search • Parler en public • Paris,temesta,Campaign Negative Broad
NH • Search • Parler en public • Paris,seresta,Campaign Negative Broad
NH • Search • Parler en public • Paris,lysanxia,Campaign Negative Broad
NH • Search • Parler en public • Paris,prozac,Campaign Negative Broad
NH • Search • Parler en public • Paris,sertraline,Campaign Negative Broad
NH • Search • Parler en public • Paris,ordonnance,Campaign Negative Broad
NH • Search • Parler en public • Paris,posologie,Campaign Negative Broad
NH • Search • Parler en public • Paris,effets secondaires,Campaign Negative Phrase
NH • Search • Parler en public • Paris,tabac,Campaign Negative Broad
NH • Search • Parler en public • Paris,cigarette,Campaign Negative Broad
NH • Search • Parler en public • Paris,fumer,Campaign Negative Broad
NH • Search • Parler en public • Paris,nicotine,Campaign Negative Broad
NH • Search • Parler en public • Paris,vapotage,Campaign Negative Broad
NH • Search • Parler en public • Paris,maigrir,Campaign Negative Broad
NH • Search • Parler en public • Paris,minceur,Campaign Negative Broad
NH • Search • Parler en public • Paris,perdre du poids,Campaign Negative Phrase
NH • Search • Parler en public • Paris,kilos,Campaign Negative Broad
NH • Search • Parler en public • Paris,régime,Campaign Negative Broad
NH • Search • Parler en public • Paris,obésité,Campaign Negative Broad
NH • Search • Parler en public • Paris,boulimie,Campaign Negative Broad
NH • Search • Parler en public • Paris,anorexie,Campaign Negative Broad
NH • Search • Parler en public • Paris,grignotage,Campaign Negative Broad
NH • Search • Parler en public • Paris,hypnose sommeil,Campaign Negative Phrase
NH • Search • Parler en public • Paris,hypnose insomnie,Campaign Negative Phrase
NH • Search • Parler en public • Paris,hypnose pour dormir,Campaign Negative Phrase
NH • Search • Parler en public • Paris,hypnose endormissement,Campaign Negative Phrase
NH • Search • Parler en public • Paris,somnifère,Campaign Negative Broad
NH • Search • Parler en public • Paris,apnée,Campaign Negative Broad
NH • Search • Parler en public • Paris,ronflement,Campaign Negative Broad
NH • Search • Parler en public • Paris,cauchemar,Campaign Negative Broad
NH • Search • Parler en public • Paris,procrastination,Campaign Negative Broad
NH • Search • Parler en public • Paris,toc,Campaign Negative Broad
NH • Search • Parler en public • Paris,trouble obsessionnel,Campaign Negative Phrase
NH • Search • Parler en public • Paris,onychophagie,Campaign Negative Broad
NH • Search • Parler en public • Paris,ronger les ongles,Campaign Negative Phrase
NH • Search • Parler en public • Paris,bruxisme,Campaign Negative Broad
NH • Search • Parler en public • Paris,trichotillomanie,Campaign Negative Broad
NH • Search • Parler en public • Paris,migraine,Campaign Negative Broad
NH • Search • Parler en public • Paris,fibromyalgie,Campaign Negative Broad
NH • Search • Parler en public • Paris,endométriose,Campaign Negative Broad
NH • Search • Parler en public • Paris,colon irritable,Campaign Negative Phrase
NH • Search • Parler en public • Paris,psoriasis,Campaign Negative Broad
NH • Search • Parler en public • Paris,eczéma,Campaign Negative Broad
NH • Search • Parler en public • Paris,acouphène,Campaign Negative Broad
NH • Search • Parler en public • Paris,accouchement,Campaign Negative Broad
NH • Search • Parler en public • Paris,grossesse,Campaign Negative Broad
NH • Search • Parler en public • Paris,enceinte,Campaign Negative Broad
NH • Search • Parler en public • Paris,fertilité,Campaign Negative Broad
NH • Search • Parler en public • Paris,fiv,Campaign Negative Broad
NH • Search • Parler en public • Paris,ménopause,Campaign Negative Broad
NH • Search • Parler en public • Paris,deuil,Campaign Negative Broad
NH • Search • Parler en public • Paris,divorce,Campaign Negative Broad
NH • Search • Parler en public • Paris,chagrin d'amour,Campaign Negative Phrase
NH • Search • Parler en public • Paris,traumatisme,Campaign Negative Broad
NH • Search • Parler en public • Paris,post traumatique,Campaign Negative Phrase
NH • Search • Parler en public • Paris,alcool,Campaign Negative Broad
NH • Search • Parler en public • Paris,alcoolisme,Campaign Negative Broad
NH • Search • Parler en public • Paris,drogue,Campaign Negative Broad
NH • Search • Parler en public • Paris,cannabis,Campaign Negative Broad
NH • Search • Parler en public • Paris,jeux d'argent,Campaign Negative Phrase
NH • Search • Parler en public • Paris,tdah,Campaign Negative Broad
NH • Search • Parler en public • Paris,autisme,Campaign Negative Broad
NH • Search • Parler en public • Paris,asperger,Campaign Negative Broad
NH • Search • Parler en public • Paris,haut potentiel,Campaign Negative Phrase
NH • Search • Parler en public • Paris,hpi,Campaign Negative Broad
NH • Search • Parler en public • Paris,média training,Campaign Negative Phrase
NH • Search • Parler en public • Paris,bac,Campaign Negative Broad
NH • Search • Parler en public • Paris,brevet,Campaign Negative Broad
NH • Search • Parler en public • Paris,hypnose peur de l'avion,Campaign Negative Phrase
NH • Search • Parler en public • Paris,hypnose peur des araignées,Campaign Negative Phrase
NH • Search • Parler en public • Paris,hypnose peur du vide,Campaign Negative Phrase
NH • Search • Parler en public • Paris,hypnose peur de l'eau,Campaign Negative Phrase
NH • Search • Parler en public • Paris,hypnose peur des aiguilles,Campaign Negative Phrase
NH • Search • Parler en public • Paris,hypnose peur du sang,Campaign Negative Phrase
NH • Search • Parler en public • Paris,hypnose peur de conduire,Campaign Negative Phrase
NH • Search • Parler en public • Paris,hypnose phobie sociale,Campaign Negative Phrase
NH • Search • Parler en public • Paris,hypnose peur du dentiste,Campaign Negative Phrase
NH • Search • Parler en public • Paris,hypnose claustrophobie,Campaign Negative Phrase
NH • Search • Parler en public • Paris,hypnose peur irm,Campaign Negative Phrase
NH • Search • Parler en public • Paris,odontophobie,Campaign Negative Broad
NH • Search • Parler en public • Paris,claustrophobie,Campaign Negative Broad
NH • Search • Parler en public • Paris,irm,Campaign Negative Broad
NH • Search • Parler en public • Paris,toastmasters,Campaign Negative Broad
NH • Search • Parler en public • Paris,concours éloquence,Campaign Negative Phrase
NH • Search • Parler en public • Paris,cours d'éloquence,Campaign Negative Phrase
NH • Search • Parler en public • Paris,atelier,Campaign Negative Broad
NH • Search • Parler en public • Paris,comédien,Campaign Negative Broad
NH • Search • Parler en public • Paris,acteur,Campaign Negative Broad
NH • Search • Parler en public • Paris,casting,Campaign Negative Broad
NH • Search • Parler en public • Paris,improvisation,Campaign Negative Broad
NH • Search • Parler en public • Paris,stand up,Campaign Negative Phrase
NH • Search • Parler en public • Paris,humoriste,Campaign Negative Broad
NH • Search • Parler en public • Paris,slam,Campaign Negative Broad
NH • Search • Parler en public • Paris,bégaiement,Campaign Negative Broad
NH • Search • Parler en public • Paris,bégayer,Campaign Negative Broad
NH • Search • Parler en public • Paris,bégaie,Campaign Negative Broad
NH • Search • Parler en public • Paris,orthophoniste,Campaign Negative Broad
NH • Search • Parler en public • Paris,diction,Campaign Negative Broad
NH • Search • Parler en public • Paris,élocution,Campaign Negative Broad
NH • Search • Parler en public • Paris,prononciation,Campaign Negative Broad
NH • Search • Parler en public • Paris,accent,Campaign Negative Broad
NH • Search • Parler en public • Paris,chant,Campaign Negative Broad
NH • Search • Parler en public • Paris,chanteur,Campaign Negative Broad
NH • Search • Parler en public • Paris,karaoké,Campaign Negative Broad
NH • Search • Parler en public • Paris,grand oral,Campaign Negative Phrase
NH • Search • Parler en public • Paris,oral du bac,Campaign Negative Phrase
NH • Search • Parler en public • Paris,powerpoint,Campaign Negative Broad
NH • Search • Parler en public • Paris,slides,Campaign Negative Broad
NH • Search • Parler en public • Paris,canva,Campaign Negative Broad
NH • Search • Parler en public • Paris,mariage,Campaign Negative Broad
NH • Search • Parler en public • Paris,témoin,Campaign Negative Broad
NH • Search • Parler en public • Paris,politique,Campaign Negative Broad
NH • Search • Parler en public • Paris,plaidoirie,Campaign Negative Broad
NH • Search • Parler en public • Paris,embauche,Campaign Negative Broad
NH • Search • Parler en public • Paris,chômage,Campaign Negative Broad
NH • Search • Parler en public • Paris,reconversion,Campaign Negative Broad
NH • Search • Parler en public • Paris,france travail,Campaign Negative Phrase
NH • Search • Parler en public • Paris,job dating,Campaign Negative Phrase
