Campaign,Ad Group,Keyword,Criterion Type,Status
Anxiete Paris Search 2026,,gratuit,Campaign Negative Broad,Enabled
Anxiete Paris Search 2026,,gratuite,Campaign Negative Broad,Enabled
Anxiete Paris Search 2026,,formation,Campaign Negative Broad,Enabled
Anxiete Paris Search 2026,,devenir hypnothérapeute,Campaign Negative Phrase,Enabled
Anxiete Paris Search 2026,,école,Campaign Negative Broad,Enabled
Anxiete Paris Search 2026,,cours,Campaign Negative Broad,Enabled
Anxiete Paris Search 2026,,emploi,Campaign Negative Broad,Enabled
Anxiete Paris Search 2026,,recrutement,Campaign Negative Broad,Enabled
Anxiete Paris Search 2026,,pdf,Campaign Negative Broad,Enabled
Anxiete Paris Search 2026,,livre,Campaign Negative Broad,Enabled
Anxiete Paris Search 2026,,définition,Campaign Negative Broad,Enabled
Anxiete Paris Search 2026,,wikipedia,Campaign Negative Broad,Enabled
Anxiete Paris Search 2026,,symptômes,Campaign Negative Broad,Enabled
Anxiete Paris Search 2026,,médicament,Campaign Negative Phrase,Enabled
Anxiete Paris Search 2026,,enfant,Campaign Negative Broad,Enabled
Anxiete Paris Search 2026,,auto-hypnose,Campaign Negative Phrase,Enabled
