Campaign,Campaign Type,Campaign Status,Budget,Budget Type,Bid Strategy Type,Search Network,Display Network,Search Partners,Languages,Location,Start Date,Ad Group,Ad Group Status,Ad Group Type,Max CPC,Keyword,Criterion Type,Status,Ad Type,Final URL,Path 1,Path 2,Headline 1,Headline 2,Headline 3,Headline 4,Headline 5,Headline 6,Headline 7,Headline 8,Headline 9,Headline 10,Headline 11,Headline 12,Description 1,Description 2,Description 3,Description 4
Anxiete Paris Search 2026,Search,Paused,3.30,Daily,Maximize conversions,On,Off,Off,French,"Paris,Ile-de-France,France",2026-09-10,,,,,,,,,,,,,,,,,,,,,,,,,,,
Anxiete Paris Search 2026,,,,,,,,,,,,Anxiete Stress,Enabled,Standard,2.00,,,,,,,,,,,,,,,,,,,,,,,
Anxiete Paris Search 2026,,,,,,,,,,,,Anxiete Stress,,,,hypnose anxiété paris,Exact,Enabled,,,,,,,,,,,,,,,,,,,,
Anxiete Paris Search 2026,,,,,,,,,,,,Anxiete Stress,,,,hypnothérapeute anxiété,Exact,Enabled,,,,,,,,,,,,,,,,,,,,
Anxiete Paris Search 2026,,,,,,,,,,,,Anxiete Stress,,,,hypnose pour l'anxiété,Phrase,Enabled,,,,,,,,,,,,,,,,,,,,
Anxiete Paris Search 2026,,,,,,,,,,,,Anxiete Stress,,,,hypnothérapie anxiété,Phrase,Enabled,,,,,,,,,,,,,,,,,,,,
Anxiete Paris Search 2026,,,,,,,,,,,,Anxiete Stress,,,,hypnose anxiété généralisée,Phrase,Enabled,,,,,,,,,,,,,,,,,,,,
Anxiete Paris Search 2026,,,,,,,,,,,,Anxiete Stress,,,,séance hypnose anxiété,Phrase,Enabled,,,,,,,,,,,,,,,,,,,,
Anxiete Paris Search 2026,,,,,,,,,,,,Anxiete Stress,,,,hypnose crise d'angoisse,Phrase,Enabled,,,,,,,,,,,,,,,,,,,,
Anxiete Paris Search 2026,,,,,,,,,,,,Anxiete Stress,,,,hypnose stress paris,Phrase,Enabled,,,,,,,,,,,,,,,,,,,,
Anxiete Paris Search 2026,,,,,,,,,,,,,,,,gratuit,Campaign Negative Broad,Enabled,,,,,,,,,,,,,,,,,,,,
Anxiete Paris Search 2026,,,,,,,,,,,,,,,,gratuite,Campaign Negative Broad,Enabled,,,,,,,,,,,,,,,,,,,,
Anxiete Paris Search 2026,,,,,,,,,,,,,,,,formation,Campaign Negative Broad,Enabled,,,,,,,,,,,,,,,,,,,,
Anxiete Paris Search 2026,,,,,,,,,,,,,,,,devenir hypnothérapeute,Campaign Negative Phrase,Enabled,,,,,,,,,,,,,,,,,,,,
Anxiete Paris Search 2026,,,,,,,,,,,,,,,,école,Campaign Negative Broad,Enabled,,,,,,,,,,,,,,,,,,,,
Anxiete Paris Search 2026,,,,,,,,,,,,,,,,cours,Campaign Negative Broad,Enabled,,,,,,,,,,,,,,,,,,,,
Anxiete Paris Search 2026,,,,,,,,,,,,,,,,emploi,Campaign Negative Broad,Enabled,,,,,,,,,,,,,,,,,,,,
Anxiete Paris Search 2026,,,,,,,,,,,,,,,,recrutement,Campaign Negative Broad,Enabled,,,,,,,,,,,,,,,,,,,,
Anxiete Paris Search 2026,,,,,,,,,,,,,,,,pdf,Campaign Negative Broad,Enabled,,,,,,,,,,,,,,,,,,,,
Anxiete Paris Search 2026,,,,,,,,,,,,,,,,livre,Campaign Negative Broad,Enabled,,,,,,,,,,,,,,,,,,,,
Anxiete Paris Search 2026,,,,,,,,,,,,,,,,définition,Campaign Negative Broad,Enabled,,,,,,,,,,,,,,,,,,,,
Anxiete Paris Search 2026,,,,,,,,,,,,,,,,wikipedia,Campaign Negative Broad,Enabled,,,,,,,,,,,,,,,,,,,,
Anxiete Paris Search 2026,,,,,,,,,,,,,,,,symptômes,Campaign Negative Broad,Enabled,,,,,,,,,,,,,,,,,,,,
Anxiete Paris Search 2026,,,,,,,,,,,,,,,,médicament,Campaign Negative Phrase,Enabled,,,,,,,,,,,,,,,,,,,,
Anxiete Paris Search 2026,,,,,,,,,,,,,,,,enfant,Campaign Negative Broad,Enabled,,,,,,,,,,,,,,,,,,,,
Anxiete Paris Search 2026,,,,,,,,,,,,,,,,auto-hypnose,Campaign Negative Phrase,Enabled,,,,,,,,,,,,,,,,,,,,
Anxiete Paris Search 2026,,,,,,,,,,,,Anxiete Stress,,,,,,Enabled,Responsive search ad,https://novahypnose.fr/anxiete-hypnose-paris.html,anxiete,paris,Hypnose Anxiété à Paris,Retrouvez Votre Calme,Parcours en 3-5 Séances,Praticien Certifié Paris,Hypnose Ericksonienne,Cabinet Paris Bastille,Prenez Rendez-Vous,Approche Naturelle,Un Premier Pas Ensemble,Crises de Panique,Approche Bienveillante,Alain Zenatti,Hypnose ericksonienne pour l'anxiété et les crises de panique. Parcours en 3 à 5 séances.,"Praticien certifié, approche bienveillante et rigoureuse. Cabinet Bastille ou en visio.",Retrouvez votre calme durablement. Prenez rendez-vous en ligne dès aujourd'hui.,Hypnothérapeute certifié à Paris 4e. Cabinet à Bastille ou séance en visio.
